{"cameraMode":{"drawMode":0,"name":"Shaded","section":"Shading Mode"},"sceneLighting":false,"audioPlay":false,"sceneViewState":{"m_AlwaysRefresh":false,"showFog":true,"showSkybox":false,"showFlares":true,"showImageEffects":true,"showParticleSystems":true,"showVisualEffectGraphs":true,"m_FxEnabled":true},"in2DMode":false,"pivot":{"x":0.06176036596298218,"y":0.9741628766059876,"z":0.2724412679672241},"rotation":{"x":0.0027645607478916647,"y":0.986226499080658,"z":-0.16453413665294648,"w":0.016571005806326867},"size":1.4855461120605469,"orthographic":false}