{"cameraMode":{"drawMode":0,"name":"Shaded","section":"Shading Mode"},"sceneLighting":false,"audioPlay":false,"sceneViewState":{"m_AlwaysRefresh":false,"showFog":true,"showSkybox":false,"showFlares":true,"showImageEffects":true,"showParticleSystems":true,"showVisualEffectGraphs":true,"m_FxEnabled":true},"in2DMode":false,"pivot":{"x":-0.042162537574768069,"y":1.9106005430221558,"z":-6.515088081359863},"rotation":{"x":-0.16602842509746552,"y":0.01242000237107277,"z":-0.0020841872319579126,"w":-0.9860684871673584},"size":5.909080505371094,"orthographic":false}