{"cameraMode":{"drawMode":0,"name":"Shaded","section":"Shading Mode"},"sceneLighting":false,"audioPlay":false,"sceneViewState":{"m_AlwaysRefresh":false,"showFog":true,"showSkybox":false,"showFlares":true,"showImageEffects":true,"showParticleSystems":true,"showVisualEffectGraphs":true,"m_FxEnabled":true},"in2DMode":false,"pivot":{"x":-0.2559530436992645,"y":1.4131449460983277,"z":-4.294727325439453},"rotation":{"x":0.025507526472210885,"y":-0.9683703780174255,"z":0.22195562720298768,"w":0.11148322373628617},"size":1.7422422170639039,"orthographic":false}