{"cameraMode":{"drawMode":0,"name":"Shaded","section":"Shading Mode"},"sceneLighting":true,"audioPlay":false,"sceneViewState":{"m_AlwaysRefresh":false,"showFog":true,"showSkybox":true,"showFlares":true,"showImageEffects":true,"showParticleSystems":true,"showVisualEffectGraphs":true,"m_FxEnabled":true},"in2DMode":false,"pivot":{"x":-0.042534664273262027,"y":0.9637988805770874,"z":-4.221044063568115},"rotation":{"x":-0.00003778093741857447,"y":-0.9979244470596314,"z":0.06476587057113648,"w":0.0002983536687679589},"size":1.8640904426574708,"orthographic":false}