{"cameraMode":{"drawMode":0,"name":"Shaded","section":"Shading Mode"},"sceneLighting":true,"audioPlay":false,"sceneViewState":{"m_AlwaysRefresh":false,"showFog":true,"showSkybox":true,"showFlares":true,"showImageEffects":true,"showParticleSystems":true,"showVisualEffectGraphs":true,"m_FxEnabled":true},"in2DMode":false,"pivot":{"x":1.0491392612457276,"y":3.633089780807495,"z":-0.2852363586425781},"rotation":{"x":-0.08869113028049469,"y":0.008064224384725094,"z":-0.0006890611839480698,"w":-0.9960483908653259},"size":5.888252258300781,"orthographic":false}