{"cameraMode":{"drawMode":0,"name":"Shaded","section":"Shading Mode"},"sceneLighting":true,"audioPlay":false,"sceneViewState":{"m_AlwaysRefresh":false,"showFog":true,"showSkybox":true,"showFlares":true,"showImageEffects":true,"showParticleSystems":true,"showVisualEffectGraphs":true,"m_FxEnabled":true},"in2DMode":false,"pivot":{"x":500.35931396484377,"y":0.4805600643157959,"z":505.806884765625},"rotation":{"x":0.13638173043727876,"y":-0.005948064848780632,"z":0.0008229897357523441,"w":0.9906455874443054},"size":8.265883445739746,"orthographic":false}