{"cameraMode":{"drawMode":0,"name":"Shaded","section":"Shading Mode"},"sceneLighting":true,"audioPlay":false,"sceneViewState":{"m_AlwaysRefresh":false,"showFog":true,"showSkybox":true,"showFlares":true,"showImageEffects":true,"showParticleSystems":true,"showVisualEffectGraphs":true,"m_FxEnabled":true},"in2DMode":false,"pivot":{"x":0.04449640214443207,"y":-0.4515952169895172,"z":-0.24360328912734986},"rotation":{"x":-0.13061751425266267,"y":0.24763916432857514,"z":-0.03372178599238396,"w":-0.959442138671875},"size":2.961552619934082,"orthographic":false}