{"cameraMode":{"drawMode":0,"name":"Shaded","section":"Shading Mode"},"sceneLighting":false,"audioPlay":false,"sceneViewState":{"m_AlwaysRefresh":false,"showFog":true,"showSkybox":false,"showFlares":true,"showImageEffects":true,"showParticleSystems":true,"showVisualEffectGraphs":true,"m_FxEnabled":true},"in2DMode":false,"pivot":{"x":0.4746137857437134,"y":0.8365492820739746,"z":-0.6346850395202637},"rotation":{"x":0.00851171463727951,"y":0.9771436452865601,"z":-0.2085873931646347,"w":0.03989217430353165},"size":5.305794715881348,"orthographic":false}