{"cameraMode":{"drawMode":0,"name":"Shaded","section":"Shading Mode"},"sceneLighting":false,"audioPlay":false,"sceneViewState":{"m_AlwaysRefresh":false,"showFog":true,"showSkybox":false,"showFlares":true,"showImageEffects":true,"showParticleSystems":true,"showVisualEffectGraphs":true,"m_FxEnabled":true},"in2DMode":false,"pivot":{"x":0.005844593048095703,"y":2.8945703506469728,"z":-12.30835247039795},"rotation":{"x":0.00022493988217320293,"y":-0.9984894394874573,"z":-0.055164601653814319,"w":-0.006889243610203266},"size":11.488649368286133,"orthographic":false}