{"cameraMode":{"drawMode":0,"name":"Shaded","section":"Shading Mode"},"sceneLighting":false,"audioPlay":false,"sceneViewState":{"m_AlwaysRefresh":false,"showFog":true,"showSkybox":false,"showFlares":true,"showImageEffects":true,"showParticleSystems":true,"showVisualEffectGraphs":true,"m_FxEnabled":true},"in2DMode":false,"pivot":{"x":-0.023920536041259767,"y":1.5119963884353638,"z":-0.7605772018432617},"rotation":{"x":0.00851171463727951,"y":0.9771436452865601,"z":-0.2085873931646347,"w":0.03989217430353165},"size":8.67602825164795,"orthographic":false}